job_title,company,link
junior python developer,hiremefast,https://www.linkedin.com/jobs/view/junior-python-developer-at-hiremefast-llc-3997299245?position=1&pageNum=0&refId=1C7fFo%2BKC8MHirZ41R79pw%3D%3D&trackingId=4oJlx4JB4rcfbV4Rea7Gbg%3D%3D&trk=public_jobs_jserp-result_search-card
junior python developer,patterned,https://www.linkedin.com/jobs/view/junior-python-developer-at-patterned-learning-career-3997300121?position=2&pageNum=0&refId=1C7fFo%2BKC8MHirZ41R79pw%3D%3D&trackingId=%2BsOdaVEmz8gW2XrWNL95zg%3D%3D&trk=public_jobs_jserp-result_search-card
junior full stack developer react python,team,https://www.linkedin.com/jobs/view/junior-full-stack-developer-react-python-at-team-remotely-inc-3997295814?position=3&pageNum=0&refId=1C7fFo%2BKC8MHirZ41R79pw%3D%3D&trackingId=U5ZBsr6UARui0MkbqxyuVg%3D%3D&trk=public_jobs_jserp-result_search-card
teletrabajo,lets,https://cl.linkedin.com/jobs/view/teletrabajo-at-lets-go-speak-3997297289?position=4&pageNum=0&refId=1C7fFo%2BKC8MHirZ41R79pw%3D%3D&trackingId=9fzZ2rVejxI3s%2BzwPEUBeQ%3D%3D&trk=public_jobs_jserp-result_search-card
junior frontend engineer javascript html css,hiremefast,https://www.linkedin.com/jobs/view/junior-frontend-engineer-javascript-html-css-at-hiremefast-llc-3997299232?position=5&pageNum=0&refId=1C7fFo%2BKC8MHirZ41R79pw%3D%3D&trackingId=0eCAaMOAuJynBhVyN%2FFdGw%3D%3D&trk=public_jobs_jserp-result_search-card
junior react developer,hiremefast,https://www.linkedin.com/jobs/view/junior-react-developer-at-hiremefast-llc-3997297350?position=6&pageNum=0&refId=1C7fFo%2BKC8MHirZ41R79pw%3D%3D&trackingId=Ep7wsa2XwLrvn3K9uB3P%2Fw%3D%3D&trk=public_jobs_jserp-result_search-card
junior frontend engineer javascript html css,patterned,https://www.linkedin.com/jobs/view/junior-frontend-engineer-javascript-html-css-at-patterned-learning-career-3997293896?position=7&pageNum=0&refId=1C7fFo%2BKC8MHirZ41R79pw%3D%3D&trackingId=zwEUQqZwxe5wlAJx5%2BqnIQ%3D%3D&trk=public_jobs_jserp-result_search-card
junior fullstack engineer python react,adverity,https://pl.linkedin.com/jobs/view/junior-fullstack-engineer-python-react-at-adverity-3997294500?position=8&pageNum=0&refId=1C7fFo%2BKC8MHirZ41R79pw%3D%3D&trackingId=dmUVWZ3aqtP17WNdFH9CFg%3D%3D&trk=public_jobs_jserp-result_search-card
junior python developer,phoenix,https://www.linkedin.com/jobs/view/junior-python-developer-at-phoenix-recruitment-3997297376?position=9&pageNum=0&refId=1C7fFo%2BKC8MHirZ41R79pw%3D%3D&trackingId=iqyy%2FJtYYNVbHu6wD%2BGxPw%3D%3D&trk=public_jobs_jserp-result_search-card
data analyst,payabl,https://de.linkedin.com/jobs/view/data-analyst-at-payabl-3997301402?position=10&pageNum=0&refId=1C7fFo%2BKC8MHirZ41R79pw%3D%3D&trackingId=pgha5OcJC7HEW2XuqCbB1w%3D%3D&trk=public_jobs_jserp-result_search-card
junior python django developer,team,https://www.linkedin.com/jobs/view/junior-python-django-developer-at-team-remotely-inc-3997300144?position=11&pageNum=0&refId=1C7fFo%2BKC8MHirZ41R79pw%3D%3D&trackingId=4%2BZG8sbI%2F1HVvOn63Q3Zyg%3D%3D&trk=public_jobs_jserp-result_search-card
junior web developer,patterned,https://www.linkedin.com/jobs/view/junior-web-developer-at-patterned-learning-career-3997298304?position=12&pageNum=0&refId=1C7fFo%2BKC8MHirZ41R79pw%3D%3D&trackingId=Yf5%2By%2B33x2ET1a1VuqkrtA%3D%3D&trk=public_jobs_jserp-result_search-card
junior backend engineer,team,https://www.linkedin.com/jobs/view/junior-backend-engineer-at-team-remotely-inc-3997299258?position=13&pageNum=0&refId=1C7fFo%2BKC8MHirZ41R79pw%3D%3D&trackingId=12Ql73n1dTf1IwjzUnQf9g%3D%3D&trk=public_jobs_jserp-result_search-card
junior software development engineer,hiremefast,https://www.linkedin.com/jobs/view/junior-software-development-engineer-at-hiremefast-llc-3997294750?position=14&pageNum=0&refId=1C7fFo%2BKC8MHirZ41R79pw%3D%3D&trackingId=OSjyWM8yVgFZy%2FiMCJVScQ%3D%3D&trk=public_jobs_jserp-result_search-card
junior data analyst,tech,https://www.linkedin.com/jobs/view/junior-data-analyst-at-tech-consulting-3994887996?position=15&pageNum=0&refId=1C7fFo%2BKC8MHirZ41R79pw%3D%3D&trackingId=9XWn79BXEXPxo3fnjEbpcg%3D%3D&trk=public_jobs_jserp-result_search-card
frontend developer,coretek,https://in.linkedin.com/jobs/view/frontend-developer-at-coretek-3997299374?position=16&pageNum=0&refId=1C7fFo%2BKC8MHirZ41R79pw%3D%3D&trackingId=GHh24X4JDxM31dX49S%2BGsQ%3D%3D&trk=public_jobs_jserp-result_search-card
retail it developer,petron,https://my.linkedin.com/jobs/view/retail-it-developer-at-petron-malaysia-refining-marketing-bhd-3997288734?position=17&pageNum=0&refId=1C7fFo%2BKC8MHirZ41R79pw%3D%3D&trackingId=7EOeedzc%2BCTjqlFX%2FyvPSQ%3D%3D&trk=public_jobs_jserp-result_search-card
junior software developer trainee,hiremefast,https://www.linkedin.com/jobs/view/junior-software-developer-trainee-at-hiremefast-llc-3997293910?position=18&pageNum=0&refId=1C7fFo%2BKC8MHirZ41R79pw%3D%3D&trackingId=Cp6KMj4ymAP%2FtPO0u3H0BQ%3D%3D&trk=public_jobs_jserp-result_search-card
junior data analyst,team,https://www.linkedin.com/jobs/view/junior-data-analyst-at-team-remotely-inc-3997294785?position=19&pageNum=0&refId=1C7fFo%2BKC8MHirZ41R79pw%3D%3D&trackingId=8orUOfKF%2BZkxpRr4xdoLJQ%3D%3D&trk=public_jobs_jserp-result_search-card
python developer,seargin,https://ca.linkedin.com/jobs/view/python-developer-at-seargin-3997298874?position=20&pageNum=0&refId=1C7fFo%2BKC8MHirZ41R79pw%3D%3D&trackingId=DYPq33mpaOsq6gP3pNLNZQ%3D%3D&trk=public_jobs_jserp-result_search-card
python developer,techmunity,https://uk.linkedin.com/jobs/view/python-developer-at-techmunity-3997301144?position=21&pageNum=0&refId=1C7fFo%2BKC8MHirZ41R79pw%3D%3D&trackingId=nC%2BJ8gw2JUYXDeBMm41xJg%3D%3D&trk=public_jobs_jserp-result_search-card
python numpy panda test lead,people,https://in.linkedin.com/jobs/view/python-numpy-panda-test-lead-at-people-prime-worldwide-3997292427?position=22&pageNum=0&refId=1C7fFo%2BKC8MHirZ41R79pw%3D%3D&trackingId=6sO6pVTxFbbfjiZkkfo8vA%3D%3D&trk=public_jobs_jserp-result_search-card
bi developer 100%25 remote,astek,https://es.linkedin.com/jobs/view/bi-developer-100%25-remote-at-astek-iberia-3994893325?position=23&pageNum=0&refId=1C7fFo%2BKC8MHirZ41R79pw%3D%3D&trackingId=5BALXDXnAidM2J6qJeqFZw%3D%3D&trk=public_jobs_jserp-result_search-card
junior software developer,tech,https://www.linkedin.com/jobs/view/junior-software-developer-at-tech-consulting-3994895454?position=24&pageNum=0&refId=1C7fFo%2BKC8MHirZ41R79pw%3D%3D&trackingId=eDOmIbJY4JKg3FkP6o0xBA%3D%3D&trk=public_jobs_jserp-result_search-card
junior software development engineer,patterned,https://www.linkedin.com/jobs/view/junior-software-development-engineer-at-patterned-learning-career-3997300119?position=25&pageNum=0&refId=1C7fFo%2BKC8MHirZ41R79pw%3D%3D&trackingId=DlfOeSy8YioQmNWGPaiiVw%3D%3D&trk=public_jobs_jserp-result_search-card
junior software development engineer,phoenix,https://www.linkedin.com/jobs/view/junior-software-development-engineer-at-phoenix-recruitment-3997294778?position=26&pageNum=0&refId=1C7fFo%2BKC8MHirZ41R79pw%3D%3D&trackingId=%2FCugbASNutKjrT1UuSoeRw%3D%3D&trk=public_jobs_jserp-result_search-card
junior node js developer,team,https://www.linkedin.com/jobs/view/junior-node-js-developer-at-team-remotely-inc-3997296426?position=27&pageNum=0&refId=1C7fFo%2BKC8MHirZ41R79pw%3D%3D&trackingId=Zi%2BsrwK6wi0WZqZtJ1zhGA%3D%3D&trk=public_jobs_jserp-result_search-card
quality assurance automation engineer,ascendion,https://www.linkedin.com/jobs/view/quality-assurance-automation-engineer-at-ascendion-3994890300?position=28&pageNum=0&refId=1C7fFo%2BKC8MHirZ41R79pw%3D%3D&trackingId=UVo6RKbQQBdAeV5RiFipEg%3D%3D&trk=public_jobs_jserp-result_search-card
data scientist formazione %2B assunzione,umana,https://it.linkedin.com/jobs/view/data-scientist-formazione-%2B-assunzione-at-umana-spa-3996398827?position=29&pageNum=0&refId=1C7fFo%2BKC8MHirZ41R79pw%3D%3D&trackingId=NmSvAB3aNZiReGVhQ5lOZA%3D%3D&trk=public_jobs_jserp-result_search-card
impiegato a inserimento dati data entry,tecnologie,https://it.linkedin.com/jobs/view/impiegato-a-inserimento-dati-data-entry-at-tecnologie-e-servizi-3997299954?position=30&pageNum=0&refId=1C7fFo%2BKC8MHirZ41R79pw%3D%3D&trackingId=P09PIVbNjeNLdFMCrw0jBA%3D%3D&trk=public_jobs_jserp-result_search-card
junior software engineer,tech,https://www.linkedin.com/jobs/view/junior-software-engineer-at-tech-consulting-3994893451?position=31&pageNum=0&refId=1C7fFo%2BKC8MHirZ41R79pw%3D%3D&trackingId=IXVJ8Oey1LPWshzmibmN1Q%3D%3D&trk=public_jobs_jserp-result_search-card
junior full stack developer react python,patterned,https://www.linkedin.com/jobs/view/junior-full-stack-developer-react-python-at-patterned-learning-career-3997297369?position=32&pageNum=0&refId=1C7fFo%2BKC8MHirZ41R79pw%3D%3D&trackingId=zbvqKwwuIRXplef3Ow81oQ%3D%3D&trk=public_jobs_jserp-result_search-card
data analyst rid 00360,setel,https://my.linkedin.com/jobs/view/data-analyst-rid-00360-at-setel-3997306337?position=33&pageNum=0&refId=1C7fFo%2BKC8MHirZ41R79pw%3D%3D&trackingId=gv4K%2FTugiEqlEsMp%2FVZGAA%3D%3D&trk=public_jobs_jserp-result_search-card
python developer,bcforward,https://www.linkedin.com/jobs/view/python-developer-at-bcforward-3997296837?position=34&pageNum=0&refId=1C7fFo%2BKC8MHirZ41R79pw%3D%3D&trackingId=kEJf2YFHFZHtR1xUcRnEIQ%3D%3D&trk=public_jobs_jserp-result_search-card
python developer,canopy,https://www.linkedin.com/jobs/view/python-developer-at-canopy-one-solutions-inc-3994894586?position=35&pageNum=0&refId=1C7fFo%2BKC8MHirZ41R79pw%3D%3D&trackingId=1EXTm%2Bva4jzFd9gBa1jNZg%3D%3D&trk=public_jobs_jserp-result_search-card
desarrollador jr,brokerware,https://uy.linkedin.com/jobs/view/desarrollador-jr-at-brokerware-3996390843?position=36&pageNum=0&refId=1C7fFo%2BKC8MHirZ41R79pw%3D%3D&trackingId=e0GPzahHhpHTSC16kCNlBA%3D%3D&trk=public_jobs_jserp-result_search-card
software developer,workforce,https://au.linkedin.com/jobs/view/software-developer-at-workforce-australia-for-individuals-3994897012?position=37&pageNum=0&refId=1C7fFo%2BKC8MHirZ41R79pw%3D%3D&trackingId=UVelVBT%2FL0R1jY6joEfrIQ%3D%3D&trk=public_jobs_jserp-result_search-card
data scientist analytics engineer,cyderes,https://ca.linkedin.com/jobs/view/data-scientist-analytics-engineer-at-cyderes-3994897525?position=38&pageNum=0&refId=1C7fFo%2BKC8MHirZ41R79pw%3D%3D&trackingId=gslOBIuua%2FVMj4LPuIaz5w%3D%3D&trk=public_jobs_jserp-result_search-card
junior software developer trainee,phoenix,https://www.linkedin.com/jobs/view/junior-software-developer-trainee-at-phoenix-recruitment-3997295809?position=39&pageNum=0&refId=1C7fFo%2BKC8MHirZ41R79pw%3D%3D&trackingId=FvXvkFB6hlY32odqxnfCSQ%3D%3D&trk=public_jobs_jserp-result_search-card
data scientist genai,fusemachines,https://mx.linkedin.com/jobs/view/data-scientist-genai-at-fusemachines-3997292844?position=40&pageNum=0&refId=1C7fFo%2BKC8MHirZ41R79pw%3D%3D&trackingId=CmbsyfGIVojc9WLr%2FZduGQ%3D%3D&trk=public_jobs_jserp-result_search-card
data scientist,maxwell,https://uk.linkedin.com/jobs/view/data-scientist-at-maxwell-bond-3996628369?position=41&pageNum=0&refId=1C7fFo%2BKC8MHirZ41R79pw%3D%3D&trackingId=Jdg5ONBJZFpGocT5Pae0%2Fg%3D%3D&trk=public_jobs_jserp-result_search-card
entry level data engineer data scientist small fun team %F0%9F%98%8E,validate,https://www.linkedin.com/jobs/view/entry-level-data-engineer-data-scientist-small-fun-team-%F0%9F%98%8E-at-validate-health-3994891890?position=42&pageNum=0&refId=1C7fFo%2BKC8MHirZ41R79pw%3D%3D&trackingId=ZtY0%2FX8oVxzU%2FIJmuTlImQ%3D%3D&trk=public_jobs_jserp-result_search-card
website developer,hiremefast,https://www.linkedin.com/jobs/view/website-developer-at-hiremefast-llc-3997297360?position=43&pageNum=0&refId=1C7fFo%2BKC8MHirZ41R79pw%3D%3D&trackingId=nGSajz4RFm%2F9ANqM03qDFA%3D%3D&trk=public_jobs_jserp-result_search-card
full stack software developer,indigo,https://www.linkedin.com/jobs/view/full-stack-software-developer-at-indigo-tech-3994894553?position=44&pageNum=0&refId=1C7fFo%2BKC8MHirZ41R79pw%3D%3D&trackingId=884vzweD19Rl8%2BFhsw5zcQ%3D%3D&trk=public_jobs_jserp-result_search-card
desenvolvedor de front end,foursys,https://br.linkedin.com/jobs/view/desenvolvedor-de-front-end-at-foursys-3994894673?position=45&pageNum=0&refId=1C7fFo%2BKC8MHirZ41R79pw%3D%3D&trackingId=ICLq16%2B07yZRNrh3dIZAJw%3D%3D&trk=public_jobs_jserp-result_search-card
ai software engineer m f %E2%80%93 hybrid porto,match,https://pt.linkedin.com/jobs/view/ai-software-engineer-m-f-%E2%80%93-hybrid-porto-at-match-profiler-3996395582?position=46&pageNum=0&refId=1C7fFo%2BKC8MHirZ41R79pw%3D%3D&trackingId=4tvWC4sEKUDQqWA9SOnhEQ%3D%3D&trk=public_jobs_jserp-result_search-card
desenvolvedor backend remoto,totalpass,https://br.linkedin.com/jobs/view/desenvolvedor-backend-remoto-at-totalpass-brasil-3997299500?position=47&pageNum=0&refId=1C7fFo%2BKC8MHirZ41R79pw%3D%3D&trackingId=wquo4qDWPcWd3vXIGHnFLg%3D%3D&trk=public_jobs_jserp-result_search-card
python developer data team,discovered,https://uk.linkedin.com/jobs/view/python-developer-data-team-at-discovered-mena-3996610111?position=48&pageNum=0&refId=1C7fFo%2BKC8MHirZ41R79pw%3D%3D&trackingId=WtXdzf0BSrTRmuKWvLibTQ%3D%3D&trk=public_jobs_jserp-result_search-card
junior aws developer,tech,https://www.linkedin.com/jobs/view/junior-aws-developer-at-tech-consulting-3994890212?position=49&pageNum=0&refId=1C7fFo%2BKC8MHirZ41R79pw%3D%3D&trackingId=FZzNAOk1wjjSTbUDwFmXaQ%3D%3D&trk=public_jobs_jserp-result_search-card
junior machine learning engineer,patterned,https://www.linkedin.com/jobs/view/junior-machine-learning-engineer-at-patterned-learning-career-3997299226?position=50&pageNum=0&refId=1C7fFo%2BKC8MHirZ41R79pw%3D%3D&trackingId=LxdZpotSNyfJpajvka%2F64Q%3D%3D&trk=public_jobs_jserp-result_search-card
full stack python developer,talentross,https://www.linkedin.com/jobs/view/full-stack-python-developer-at-talentross-3997310495?position=51&pageNum=0&refId=1C7fFo%2BKC8MHirZ41R79pw%3D%3D&trackingId=Njx1nwPsVr2%2FlcutN8bGLQ%3D%3D&trk=public_jobs_jserp-result_search-card
sr python developer,pozent,https://ca.linkedin.com/jobs/view/sr-python-developer-at-pozent-corporation-3994893340?position=52&pageNum=0&refId=1C7fFo%2BKC8MHirZ41R79pw%3D%3D&trackingId=x12DyIP2P0CJIYxwj38mKQ%3D%3D&trk=public_jobs_jserp-result_search-card
junior engineer,techno,https://ae.linkedin.com/jobs/view/junior-engineer-at-techno-mount-3994893654?position=53&pageNum=0&refId=1C7fFo%2BKC8MHirZ41R79pw%3D%3D&trackingId=xgaWi2YzWbRGyf%2F5lVJVIA%3D%3D&trk=public_jobs_jserp-result_search-card
machine learning engineer,bright,https://uk.linkedin.com/jobs/view/machine-learning-engineer-at-bright-purple-3996609316?position=54&pageNum=0&refId=1C7fFo%2BKC8MHirZ41R79pw%3D%3D&trackingId=w5cJeLzNjyOT%2FAfFQlEBwg%3D%3D&trk=public_jobs_jserp-result_search-card
software engineer,better,https://uk.linkedin.com/jobs/view/software-engineer-at-better-placed-ltd-a-sunday-times-top-10-employer-in-2023%21-3997310496?position=55&pageNum=0&refId=1C7fFo%2BKC8MHirZ41R79pw%3D%3D&trackingId=w4OogbFStxqjTlwkxXg%2Fng%3D%3D&trk=public_jobs_jserp-result_search-card
03 vagas analista desenv pleno home office,metr%C3%B3pole,https://br.linkedin.com/jobs/view/03-vagas-analista-desenv-pleno-home-office-at-metr%C3%B3pole-digital-imd-ufrn-3997293468?position=56&pageNum=0&refId=1C7fFo%2BKC8MHirZ41R79pw%3D%3D&trackingId=O2VaZzdvMiwgIU5%2FVQZBmw%3D%3D&trk=public_jobs_jserp-result_search-card
python developer,riverpoint,https://www.linkedin.com/jobs/view/python-developer-at-riverpoint-group-3994892596?position=57&pageNum=0&refId=1C7fFo%2BKC8MHirZ41R79pw%3D%3D&trackingId=uDnn3V5rNGbr8jXgWvsXzA%3D%3D&trk=public_jobs_jserp-result_search-card
modelado de datos junior h%C3%ADbrido madrid,irium,https://es.linkedin.com/jobs/view/modelado-de-datos-junior-h%C3%ADbrido-madrid-at-irium-3997289592?position=58&pageNum=0&refId=1C7fFo%2BKC8MHirZ41R79pw%3D%3D&trackingId=VsUMwhVZ2rAwZVY588fBfg%3D%3D&trk=public_jobs_jserp-result_search-card
software engineer,tech,https://www.linkedin.com/jobs/view/software-engineer-at-tech-observer-3996610216?position=59&pageNum=0&refId=1C7fFo%2BKC8MHirZ41R79pw%3D%3D&trackingId=XmZNMxOKHdutMl9ajQNNIg%3D%3D&trk=public_jobs_jserp-result_search-card
artificial intelligence engineer,gotham,https://www.linkedin.com/jobs/view/artificial-intelligence-engineer-at-gotham-technology-group-3997298771?position=60&pageNum=0&refId=1C7fFo%2BKC8MHirZ41R79pw%3D%3D&trackingId=NZIs9iF8vw1BpN%2FyYd%2Ff8Q%3D%3D&trk=public_jobs_jserp-result_search-card
